USE fhd_cinema;

-- Insert sample data into the 'ratings' table adjusted for Vietnam standards
INSERT INTO `fhd_cinema`.`ratings` 
(`rating_id`, `rating_name`, `rating_description`)
VALUES
('3cdbbb96-73e0-11ef-ab6e-0242ac110002', 'P', 'Phim phổ biến với mọi độ tuổi'),
('3cdbc1a0-73e0-11ef-ab6e-0242ac110002', 'K', 'Phim được phổ biến đến người xem dưới 13 tuổi với điều kiện xem cùng cha, mẹ hoặc người giám hộ'),
('3cdbc2e2-73e0-11ef-ab6e-0242ac110002', 'T13', 'Phim phổ biến đến người xem từ 13 tuổi trở lên'),
('3cdbc369-73e0-11ef-ab6e-0242ac110002', 'T16', 'Phim phổ biến đến người xem từ 16 tuổi trở lên'),
('3cdbc3ee-73e0-11ef-ab6e-0242ac110002', 'T18', 'Phim phổ biến đến người xem từ 18 tuổi trở lên');

-- Insert sample data into the 'movies' table
INSERT INTO `fhd_cinema`.`movies`
(`movie_id`, `rating_id`, `movie_title`, `movie_genre`, `movie_director`, `movie_cast`, `movie_status`, `movie_format`, `movie_duration_minute`, `movie_release_date`, `movie_trailer_url`, `movie_description`, `movie_language`, `movie_poster_url`)
VALUES
('9b7e51c0-7406-11ef-a157-0242ac110002', '3cdbc369-73e0-11ef-ab6e-0242ac110002', 'Kẻ Đánh Cắp Giấc Mơ', 'Khoa học viễn tưởng, Ly kỳ', 'Christopher Nolan', 'Leonardo DiCaprio, Joseph Gordon-Levitt, Ellen Page', 'Đã phát hành', 'IMAX', '148', '2010-07-16', 'https://www.youtube.com/watch?v=YoHD9XEInc0', 'Một tên trộm bước vào giấc mơ để đánh cắp bí mật và phải gieo ý tưởng vào tiềm thức của một người.', 'Phụ đề', 'https://fhd-cinema.s3.ap-southeast-1.amazonaws.com/sample-data/inception.jpg'),
('9b7ef395-7406-11ef-a157-0242ac110002', '3cdbc369-73e0-11ef-ab6e-0242ac110002', 'Hiệp Sĩ Bóng Đêm', 'Hành động, Kịch tính', 'Christopher Nolan', 'Christian Bale, Heath Ledger, Aaron Eckhart', 'Đã phát hành', 'IMAX', '152', '2008-07-18', 'https://www.youtube.com/watch?v=EXeTwQWrcwY', 'Người Dơi đối đầu với Joker, một tên tội phạm thiên tài tạo ra hỗn loạn ở Gotham.', 'Phụ đề', 'https://fhd-cinema.s3.ap-southeast-1.amazonaws.com/sample-data/the-dark-knight.jpg'),
('9b7ef707-7406-11ef-a157-0242ac110002', '3cdbc2e2-73e0-11ef-ab6e-0242ac110002', 'Titanic', 'Kịch tính, Lãng mạn', 'James Cameron', 'Leonardo DiCaprio, Kate Winslet', 'Đã phát hành', '2D', '195', '1997-12-19', 'https://www.youtube.com/watch?v=kVrqfYjkTdQ', 'Một câu chuyện tình yêu trên tàu RMS Titanic xấu số giữa một họa sĩ nghèo và một cô gái trẻ giàu có.', 'Phụ đề', 'https://fhd-cinema.s3.ap-southeast-1.amazonaws.com/sample-data/titanic.jpg'),
('9b7ef868-7406-11ef-a157-0242ac110002', '3cdbc369-73e0-11ef-ab6e-0242ac110002', 'Ma Trận', 'Khoa học viễn tưởng, Hành động', 'The Wachowskis', 'Keanu Reeves, Laurence Fishburne, Carrie-Anne Moss', 'Đã phát hành', 'IMAX', '136', '1999-03-31', 'https://www.youtube.com/watch?v=vKQi3bBA1y8', 'Một hacker phát hiện ra thế giới mà anh ta sống chỉ là một thực tại ảo do máy móc điều khiển.', 'Phụ đề', 'https://fhd-cinema.s3.ap-southeast-1.amazonaws.com/sample-data/matrix.jpg'),
('9b7ef999-7406-11ef-a157-0242ac110002', '3cdbc369-73e0-11ef-ab6e-0242ac110002', 'Biệt Đội Siêu Anh Hùng: Hồi Kết', 'Hành động, Phiêu lưu, Khoa học viễn tưởng', 'Anthony và Joe Russo', 'Robert Downey Jr., Chris Evans, Mark Ruffalo', 'Đã phát hành', 'IMAX', '181', '2019-04-26', 'https://www.youtube.com/watch?v=TcMBFSGVi1c', 'Biệt Đội Siêu Anh Hùng tập hợp lại để khôi phục những gì đã mất sau cú búng tay của Thanos và cứu vũ trụ.', 'Phụ đề', 'https://fhd-cinema.s3.ap-southeast-1.amazonaws.com/sample-data/avergers-endgame.jpg'),
('9b7efe4a-7406-11ef-a157-0242ac110002', '3cdbbb96-73e0-11ef-ab6e-0242ac110002', 'Nữ Hoàng Băng Giá 2', 'Hoạt hình, Phiêu lưu, Hài hước', 'Chris Buck, Jennifer Lee', 'Kristen Bell, Idina Menzel, Josh Gad', 'Đã phát hành', '3D', '103', '2019-11-22', 'https://www.youtube.com/watch?v=bwzLiQZDw2I', 'Elsa, Anna, Kristoff, Olaf và Sven bắt đầu hành trình khám phá nguồn gốc sức mạnh của Elsa.', 'Phụ đề', 'https://fhd-cinema.s3.ap-southeast-1.amazonaws.com/sample-data/frozen-ii.jpg');


INSERT INTO `fhd_cinema`.`locations`
(`location_id`, `location_name`)
VALUES
('2237aca4-7408-11ef-a157-0242ac110002', '123 Trần Hưng Đạo, Quận 1, TP.HCM'),
('2237cf2d-7408-11ef-a157-0242ac110002', '456 Nguyễn Trãi, Quận 5, TP.HCM'),
('2237d0c3-7408-11ef-a157-0242ac110002', '789 Lý Thường Kiệt, Quận 10, TP.HCM'),
('2237d153-7408-11ef-a157-0242ac110002', '123 Hoàng Quốc Việt, Quận Cầu Giấy, Hà Nội'),
('2237d1d8-7408-11ef-a157-0242ac110002', '456 Võ Văn Ngân, Quận Thủ Đức, TP.HCM'),
('2237d25b-7408-11ef-a157-0242ac110002', '789 Nguyễn Văn Cừ, Quận 1, TP.HCM'),
('2237d2db-7408-11ef-a157-0242ac110002', '123 Phạm Văn Đồng, Quận Gò Vấp, TP.HCM'),
('2237d350-7408-11ef-a157-0242ac110002', '456 Điện Biên Phủ, Quận Bình Thạnh, TP.HCM'),
('2237d3c5-7408-11ef-a157-0242ac110002', '789 Tôn Đức Thắng, Quận 1, TP.HCM'),
('2237d43b-7408-11ef-a157-0242ac110002', '123 Kim Mã, Quận Ba Đình, Hà Nội');

INSERT INTO `fhd_cinema`.`cinemas`
(`cinema_id`, `location_id`, `cinema_name`)
VALUES
('5c8a937f-7409-11ef-a157-0242ac110002', '2237aca4-7408-11ef-a157-0242ac110002', 'Cineplex Downtown'),
('5c8abf1f-7409-11ef-a157-0242ac110002', '2237cf2d-7408-11ef-a157-0242ac110002', 'Galaxy Cinema Quận 1'),
('5c8ac113-7409-11ef-a157-0242ac110002', '2237d0c3-7408-11ef-a157-0242ac110002', 'Lotte Cinema Hà Đông'),
('5c8ac20e-7409-11ef-a157-0242ac110002', '2237d153-7408-11ef-a157-0242ac110002', 'BHD Star Cineplex Phạm Ngọc Thạch'),
('5c8ac2fe-7409-11ef-a157-0242ac110002', '2237d1d8-7408-11ef-a157-0242ac110002', 'CGV Vincom Bà Triệu'),
('5c8ac3df-7409-11ef-a157-0242ac110002', '2237d25b-7408-11ef-a157-0242ac110002', 'Platinum Cineplex Royal City'),
('5c8ac4b5-7409-11ef-a157-0242ac110002', '2237d2db-7408-11ef-a157-0242ac110002', 'CGV SC VivoCity'),
('5c8ac590-7409-11ef-a157-0242ac110002', '2237d350-7408-11ef-a157-0242ac110002', 'Cinestar Hai Bà Trưng'),
('5c8ac68f-7409-11ef-a157-0242ac110002', '2237d3c5-7408-11ef-a157-0242ac110002', 'MegaStar Vincom Long Biên'),
('5c8acc38-7409-11ef-a157-0242ac110002', '2237d43b-7408-11ef-a157-0242ac110002', 'CGV Hoàng Văn Thụ');

INSERT INTO `fhd_cinema`.`screens`
(`screen_id`, `cinema_id`, `screen_name`)
VALUES
('fc969400-7409-11ef-a157-0242ac110002', '5c8a937f-7409-11ef-a157-0242ac110002', 'Screen 1'),
('fc96c25f-7409-11ef-a157-0242ac110002', '5c8a937f-7409-11ef-a157-0242ac110002', 'Screen 2'),
('fc96c904-7409-11ef-a157-0242ac110002', '5c8abf1f-7409-11ef-a157-0242ac110002', 'Screen 1'),
('fc96cc42-7409-11ef-a157-0242ac110002', '5c8abf1f-7409-11ef-a157-0242ac110002', 'Screen 2'),
('fc96d320-7409-11ef-a157-0242ac110002', '5c8ac113-7409-11ef-a157-0242ac110002', 'Screen 1'),
('fc96d5b7-7409-11ef-a157-0242ac110002', '5c8ac20e-7409-11ef-a157-0242ac110002', 'Screen 1'),
('fc96d7f3-7409-11ef-a157-0242ac110002', '5c8ac2fe-7409-11ef-a157-0242ac110002', 'Screen 1'),
('fc96da55-7409-11ef-a157-0242ac110002', '5c8ac2fe-7409-11ef-a157-0242ac110002', 'Screen 2'),
('fc96dc8b-7409-11ef-a157-0242ac110002', '5c8ac3df-7409-11ef-a157-0242ac110002', 'Screen 1'),
('fc96deaf-7409-11ef-a157-0242ac110002', '5c8ac4b5-7409-11ef-a157-0242ac110002', 'Screen 1'),
('fc96e0eb-7409-11ef-a157-0242ac110002', '5c8ac590-7409-11ef-a157-0242ac110002', 'Screen 1'),
('fc96e308-7409-11ef-a157-0242ac110002', '5c8ac68f-7409-11ef-a157-0242ac110002', 'Screen 1'),
('fc96e541-7409-11ef-a157-0242ac110002', '5c8acc38-7409-11ef-a157-0242ac110002', 'Screen 1'),
('fc96e760-7409-11ef-a157-0242ac110002', '5c8acc38-7409-11ef-a157-0242ac110002', 'Screen 2');

INSERT INTO `fhd_cinema`.`showtimes`
(`showtime_id`, `movie_id`, `screen_id`, `showtime_price`, `showtime_at`)
VALUES
('c85a675a-740a-11ef-a157-0242ac110002', '9b7e51c0-7406-11ef-a157-0242ac110002', 'fc969400-7409-11ef-a157-0242ac110002', '100000', '2024-09-17 14:00:00'),
('c85a9cf6-740a-11ef-a157-0242ac110002', '9b7e51c0-7406-11ef-a157-0242ac110002', 'fc96c25f-7409-11ef-a157-0242ac110002', '100000', '2024-09-17 18:00:00'),
('c85aa26c-740a-11ef-a157-0242ac110002', '9b7ef395-7406-11ef-a157-0242ac110002', 'fc96c904-7409-11ef-a157-0242ac110002', '120000', '2024-09-17 16:00:00'),
('c85aa525-740a-11ef-a157-0242ac110002', '9b7ef395-7406-11ef-a157-0242ac110002', 'fc96cc42-7409-11ef-a157-0242ac110002', '120000', '2024-09-18 20:00:00'),
('c85aa8fe-740a-11ef-a157-0242ac110002', '9b7ef707-7406-11ef-a157-0242ac110002', 'fc96d320-7409-11ef-a157-0242ac110002', '90000', '2024-09-17 13:00:00'),
('c85aab47-740a-11ef-a157-0242ac110002', '9b7ef707-7406-11ef-a157-0242ac110002', 'fc96d5b7-7409-11ef-a157-0242ac110002', '90000', '2024-09-18 15:00:00'),
('c85aad95-740a-11ef-a157-0242ac110002', '9b7ef868-7406-11ef-a157-0242ac110002', 'fc96d7f3-7409-11ef-a157-0242ac110002', '110000', '2024-09-17 19:00:00'),
('c85aafd8-740a-11ef-a157-0242ac110002', '9b7ef868-7406-11ef-a157-0242ac110002', 'fc96da55-7409-11ef-a157-0242ac110002', '110000', '2024-09-18 21:00:00'),
('c85ab25a-740a-11ef-a157-0242ac110002', '9b7ef999-7406-11ef-a157-0242ac110002', 'fc96dc8b-7409-11ef-a157-0242ac110002', '150000', '2024-09-17 20:00:00'),
('c85ab4bf-740a-11ef-a157-0242ac110002', '9b7efe4a-7406-11ef-a157-0242ac110002', 'fc96deaf-7409-11ef-a157-0242ac110002', '95000', '2024-09-17 12:00:00'),
('c85ab730-740a-11ef-a157-0242ac110002', '9b7efe4a-7406-11ef-a157-0242ac110002', 'fc96e0eb-7409-11ef-a157-0242ac110002', '95000', '2024-09-18 14:00:00'),
('c85ab985-740a-11ef-a157-0242ac110002', '9b7efe4a-7406-11ef-a157-0242ac110002', 'fc96e308-7409-11ef-a157-0242ac110002', '95000', '2024-09-18 16:00:00'),
('c85abbf8-740a-11ef-a157-0242ac110002', '9b7efe4a-7406-11ef-a157-0242ac110002', 'fc96e541-7409-11ef-a157-0242ac110002', '95000', '2024-09-18 18:00:00');

INSERT INTO `fhd_cinema`.`seats_types`
(`seat_type_id`, `seat_type_name`, `seat_type_price`)
VALUES
('55497148-740b-11ef-a157-0242ac110002', 'Ghế thường', '0'),
('55499950-740b-11ef-a157-0242ac110002', 'VIP', '30000'),
('55499b7a-740b-11ef-a157-0242ac110002', 'Couple', '80000'),
('55499c92-740b-11ef-a157-0242ac110002', 'Ghế hạng sang', '100000'),
('55499d83-740b-11ef-a157-0242ac110002', 'Ghế nằm', '200000');

INSERT INTO `fhd_cinema`.`seats`
(`seat_id`, `type_id`, `screen_id`, `seat_name`, `is_booked`)
VALUES
('0b5e809d-740d-11ef-a157-0242ac110002', '55497148-740b-11ef-a157-0242ac110002', 'fc969400-7409-11ef-a157-0242ac110002', 'A1', '0'),
('0b5eb23b-740d-11ef-a157-0242ac110002', '55497148-740b-11ef-a157-0242ac110002', 'fc969400-7409-11ef-a157-0242ac110002', 'A2', '0'),
('0b5eb7e5-740d-11ef-a157-0242ac110002', '55497148-740b-11ef-a157-0242ac110002', 'fc969400-7409-11ef-a157-0242ac110002', 'A3', '0'),
('0b5eba7d-740d-11ef-a157-0242ac110002', '55497148-740b-11ef-a157-0242ac110002', 'fc969400-7409-11ef-a157-0242ac110002', 'A4', '0'),
('0b5ebcd8-740d-11ef-a157-0242ac110002', '55497148-740b-11ef-a157-0242ac110002', 'fc969400-7409-11ef-a157-0242ac110002', 'A5', '0'),
('0b5ec260-740d-11ef-a157-0242ac110002', '55497148-740b-11ef-a157-0242ac110002', 'fc969400-7409-11ef-a157-0242ac110002', 'A6', '0'),
('0b5ec45f-740d-11ef-a157-0242ac110002', '55497148-740b-11ef-a157-0242ac110002', 'fc969400-7409-11ef-a157-0242ac110002', 'A7', '0'),
('0b5ec79d-740d-11ef-a157-0242ac110002', '55497148-740b-11ef-a157-0242ac110002', 'fc969400-7409-11ef-a157-0242ac110002', 'A8', '0'),
('0b5ec9f6-740d-11ef-a157-0242ac110002', '55499950-740b-11ef-a157-0242ac110002', 'fc969400-7409-11ef-a157-0242ac110002', 'B1', '0'),
('0b5ecc21-740d-11ef-a157-0242ac110002', '55499950-740b-11ef-a157-0242ac110002', 'fc969400-7409-11ef-a157-0242ac110002', 'B2', '0'),
('0b5ece78-740d-11ef-a157-0242ac110002', '55499950-740b-11ef-a157-0242ac110002', 'fc969400-7409-11ef-a157-0242ac110002', 'B3', '0'),
('0b5ed0ba-740d-11ef-a157-0242ac110002', '55499950-740b-11ef-a157-0242ac110002', 'fc969400-7409-11ef-a157-0242ac110002', 'B4', '0'),
('0b5ed2f5-740d-11ef-a157-0242ac110002', '55499950-740b-11ef-a157-0242ac110002', 'fc969400-7409-11ef-a157-0242ac110002', 'B5', '0'),
('0b5ed544-740d-11ef-a157-0242ac110002', '55499950-740b-11ef-a157-0242ac110002', 'fc969400-7409-11ef-a157-0242ac110002', 'B6', '0'),
('0b5ed76a-740d-11ef-a157-0242ac110002', '55499950-740b-11ef-a157-0242ac110002', 'fc969400-7409-11ef-a157-0242ac110002', 'B7', '0'),
('0b5ed98b-740d-11ef-a157-0242ac110002', '55499950-740b-11ef-a157-0242ac110002', 'fc969400-7409-11ef-a157-0242ac110002', 'B8', '0'),
('0b5edbd3-740d-11ef-a157-0242ac110002', '55499950-740b-11ef-a157-0242ac110002', 'fc969400-7409-11ef-a157-0242ac110002', 'C1', '0'),
('0b5ede00-740d-11ef-a157-0242ac110002', '55499950-740b-11ef-a157-0242ac110002', 'fc969400-7409-11ef-a157-0242ac110002', 'C2', '0'),
('0b5ee052-740d-11ef-a157-0242ac110002', '55499950-740b-11ef-a157-0242ac110002', 'fc969400-7409-11ef-a157-0242ac110002', 'C3', '0'),
('0b5ee2c5-740d-11ef-a157-0242ac110002', '55499950-740b-11ef-a157-0242ac110002', 'fc969400-7409-11ef-a157-0242ac110002', 'C4', '0'),
('0b5ee513-740d-11ef-a157-0242ac110002', '55499950-740b-11ef-a157-0242ac110002', 'fc969400-7409-11ef-a157-0242ac110002', 'C5', '0'),
('0b5ee7d2-740d-11ef-a157-0242ac110002', '55499950-740b-11ef-a157-0242ac110002', 'fc969400-7409-11ef-a157-0242ac110002', 'C6', '0'),
('0b5eead4-740d-11ef-a157-0242ac110002', '55499950-740b-11ef-a157-0242ac110002', 'fc969400-7409-11ef-a157-0242ac110002', 'C7', '0'),
('0b5eee54-740d-11ef-a157-0242ac110002', '55499950-740b-11ef-a157-0242ac110002', 'fc969400-7409-11ef-a157-0242ac110002', 'C8', '0'),
('0b5ef0d3-740d-11ef-a157-0242ac110002', '55499b7a-740b-11ef-a157-0242ac110002', 'fc969400-7409-11ef-a157-0242ac110002', 'D1', '0'),
('0b5ef383-740d-11ef-a157-0242ac110002', '55499b7a-740b-11ef-a157-0242ac110002', 'fc969400-7409-11ef-a157-0242ac110002', 'D2', '0'),
('0b5ef5e0-740d-11ef-a157-0242ac110002', '55499b7a-740b-11ef-a157-0242ac110002', 'fc969400-7409-11ef-a157-0242ac110002', 'D3', '0'),
('0b5ef871-740d-11ef-a157-0242ac110002', '55499b7a-740b-11ef-a157-0242ac110002', 'fc969400-7409-11ef-a157-0242ac110002', 'D4', '0'),
('0b5efaf4-740d-11ef-a157-0242ac110002', '55499b7a-740b-11ef-a157-0242ac110002', 'fc969400-7409-11ef-a157-0242ac110002', 'D5', '0'),
('0b5efd54-740d-11ef-a157-0242ac110002', '55499b7a-740b-11ef-a157-0242ac110002', 'fc969400-7409-11ef-a157-0242ac110002', 'D6', '0'),
('41c2a6a9-7410-11ef-a157-0242ac110002', '55497148-740b-11ef-a157-0242ac110002', 'fc96c904-7409-11ef-a157-0242ac110002', 'A1', '0'),
('41c2b791-7410-11ef-a157-0242ac110002', '55497148-740b-11ef-a157-0242ac110002', 'fc96c904-7409-11ef-a157-0242ac110002', 'A2', '0'),
('41c2bbca-7410-11ef-a157-0242ac110002', '55497148-740b-11ef-a157-0242ac110002', 'fc96c904-7409-11ef-a157-0242ac110002', 'A3', '0'),
('41c2be83-7410-11ef-a157-0242ac110002', '55497148-740b-11ef-a157-0242ac110002', 'fc96c904-7409-11ef-a157-0242ac110002', 'A4', '0'),
('41c2c0f1-7410-11ef-a157-0242ac110002', '55497148-740b-11ef-a157-0242ac110002', 'fc96c904-7409-11ef-a157-0242ac110002', 'A5', '0'),
('41c2c3e6-7410-11ef-a157-0242ac110002', '55497148-740b-11ef-a157-0242ac110002', 'fc96c904-7409-11ef-a157-0242ac110002', 'A6', '0'),
('41c2c6ae-7410-11ef-a157-0242ac110002', '55497148-740b-11ef-a157-0242ac110002', 'fc96c904-7409-11ef-a157-0242ac110002', 'A7', '0'),
('41c2c968-7410-11ef-a157-0242ac110002', '55497148-740b-11ef-a157-0242ac110002', 'fc96c904-7409-11ef-a157-0242ac110002', 'A8', '0'),
('41c2cc7c-7410-11ef-a157-0242ac110002', '55499950-740b-11ef-a157-0242ac110002', 'fc96c904-7409-11ef-a157-0242ac110002', 'B1', '0'),
('41c2cf04-7410-11ef-a157-0242ac110002', '55499950-740b-11ef-a157-0242ac110002', 'fc96c904-7409-11ef-a157-0242ac110002', 'B2', '0'),
('41c2d934-7410-11ef-a157-0242ac110002', '55499950-740b-11ef-a157-0242ac110002', 'fc96c904-7409-11ef-a157-0242ac110002', 'B3', '0'),
('41c2e7fc-7410-11ef-a157-0242ac110002', '55499950-740b-11ef-a157-0242ac110002', 'fc96c904-7409-11ef-a157-0242ac110002', 'B4', '0'),
('41c2edf9-7410-11ef-a157-0242ac110002', '55499950-740b-11ef-a157-0242ac110002', 'fc96c904-7409-11ef-a157-0242ac110002', 'B5', '0'),
('41c2f296-7410-11ef-a157-0242ac110002', '55499950-740b-11ef-a157-0242ac110002', 'fc96c904-7409-11ef-a157-0242ac110002', 'B6', '0'),
('41c2f6b0-7410-11ef-a157-0242ac110002', '55499950-740b-11ef-a157-0242ac110002', 'fc96c904-7409-11ef-a157-0242ac110002', 'B7', '0'),
('41c2fac2-7410-11ef-a157-0242ac110002', '55499950-740b-11ef-a157-0242ac110002', 'fc96c904-7409-11ef-a157-0242ac110002', 'B8', '0'),
('41c2fed3-7410-11ef-a157-0242ac110002', '55499950-740b-11ef-a157-0242ac110002', 'fc96c904-7409-11ef-a157-0242ac110002', 'C1', '0'),
('41c303cc-7410-11ef-a157-0242ac110002', '55499950-740b-11ef-a157-0242ac110002', 'fc96c904-7409-11ef-a157-0242ac110002', 'C2', '0'),
('41c307fe-7410-11ef-a157-0242ac110002', '55499950-740b-11ef-a157-0242ac110002', 'fc96c904-7409-11ef-a157-0242ac110002', 'C3', '0'),
('41c30bfe-7410-11ef-a157-0242ac110002', '55499950-740b-11ef-a157-0242ac110002', 'fc96c904-7409-11ef-a157-0242ac110002', 'C4', '0'),
('41c31000-7410-11ef-a157-0242ac110002', '55499950-740b-11ef-a157-0242ac110002', 'fc96c904-7409-11ef-a157-0242ac110002', 'C5', '0'),
('41c3140d-7410-11ef-a157-0242ac110002', '55499950-740b-11ef-a157-0242ac110002', 'fc96c904-7409-11ef-a157-0242ac110002', 'C6', '0'),
('41c31800-7410-11ef-a157-0242ac110002', '55499950-740b-11ef-a157-0242ac110002', 'fc96c904-7409-11ef-a157-0242ac110002', 'C7', '0'),
('41c31bf7-7410-11ef-a157-0242ac110002', '55499950-740b-11ef-a157-0242ac110002', 'fc96c904-7409-11ef-a157-0242ac110002', 'C8', '0'),
('41c31ff9-7410-11ef-a157-0242ac110002', '55499b7a-740b-11ef-a157-0242ac110002', 'fc96c904-7409-11ef-a157-0242ac110002', 'D1', '0'),
('41c32403-7410-11ef-a157-0242ac110002', '55499b7a-740b-11ef-a157-0242ac110002', 'fc96c904-7409-11ef-a157-0242ac110002', 'D2', '0'),
('41c3283d-7410-11ef-a157-0242ac110002', '55499b7a-740b-11ef-a157-0242ac110002', 'fc96c904-7409-11ef-a157-0242ac110002', 'D3', '0'),
('41c32c14-7410-11ef-a157-0242ac110002', '55499b7a-740b-11ef-a157-0242ac110002', 'fc96c904-7409-11ef-a157-0242ac110002', 'D4', '0'),
('41c32ff3-7410-11ef-a157-0242ac110002', '55499b7a-740b-11ef-a157-0242ac110002', 'fc96c904-7409-11ef-a157-0242ac110002', 'D5', '0'),
('41c333b5-7410-11ef-a157-0242ac110002', '55499b7a-740b-11ef-a157-0242ac110002', 'fc96c904-7409-11ef-a157-0242ac110002', 'D6', '0'),
('41c40349-7410-11ef-a157-0242ac110002', '55497148-740b-11ef-a157-0242ac110002', 'fc96cc42-7409-11ef-a157-0242ac110002', 'A1', '0'),
('41c40e48-7410-11ef-a157-0242ac110002', '55497148-740b-11ef-a157-0242ac110002', 'fc96cc42-7409-11ef-a157-0242ac110002', 'A2', '0'),
('41c41111-7410-11ef-a157-0242ac110002', '55497148-740b-11ef-a157-0242ac110002', 'fc96cc42-7409-11ef-a157-0242ac110002', 'A3', '0'),
('41c412b6-7410-11ef-a157-0242ac110002', '55497148-740b-11ef-a157-0242ac110002', 'fc96cc42-7409-11ef-a157-0242ac110002', 'A4', '0'),
('41c4142c-7410-11ef-a157-0242ac110002', '55497148-740b-11ef-a157-0242ac110002', 'fc96cc42-7409-11ef-a157-0242ac110002', 'A5', '0'),
('41c41590-7410-11ef-a157-0242ac110002', '55497148-740b-11ef-a157-0242ac110002', 'fc96cc42-7409-11ef-a157-0242ac110002', 'A6', '0'),
('41c416e4-7410-11ef-a157-0242ac110002', '55497148-740b-11ef-a157-0242ac110002', 'fc96cc42-7409-11ef-a157-0242ac110002', 'A7', '0'),
('41c4184e-7410-11ef-a157-0242ac110002', '55497148-740b-11ef-a157-0242ac110002', 'fc96cc42-7409-11ef-a157-0242ac110002', 'A8', '0'),
('41c419b4-7410-11ef-a157-0242ac110002', '55499950-740b-11ef-a157-0242ac110002', 'fc96cc42-7409-11ef-a157-0242ac110002', 'B1', '0'),
('41c41b41-7410-11ef-a157-0242ac110002', '55499950-740b-11ef-a157-0242ac110002', 'fc96cc42-7409-11ef-a157-0242ac110002', 'B2', '0'),
('41c41caf-7410-11ef-a157-0242ac110002', '55499950-740b-11ef-a157-0242ac110002', 'fc96cc42-7409-11ef-a157-0242ac110002', 'B3', '0'),
('41c41e0c-7410-11ef-a157-0242ac110002', '55499950-740b-11ef-a157-0242ac110002', 'fc96cc42-7409-11ef-a157-0242ac110002', 'B4', '0'),
('41c41f73-7410-11ef-a157-0242ac110002', '55499950-740b-11ef-a157-0242ac110002', 'fc96cc42-7409-11ef-a157-0242ac110002', 'B5', '0'),
('41c420d3-7410-11ef-a157-0242ac110002', '55499950-740b-11ef-a157-0242ac110002', 'fc96cc42-7409-11ef-a157-0242ac110002', 'B6', '0'),
('41c4222b-7410-11ef-a157-0242ac110002', '55499950-740b-11ef-a157-0242ac110002', 'fc96cc42-7409-11ef-a157-0242ac110002', 'B7', '0'),
('41c42373-7410-11ef-a157-0242ac110002', '55499950-740b-11ef-a157-0242ac110002', 'fc96cc42-7409-11ef-a157-0242ac110002', 'B8', '0'),
('41c424c4-7410-11ef-a157-0242ac110002', '55499950-740b-11ef-a157-0242ac110002', 'fc96cc42-7409-11ef-a157-0242ac110002', 'C1', '0'),
('41c42613-7410-11ef-a157-0242ac110002', '55499950-740b-11ef-a157-0242ac110002', 'fc96cc42-7409-11ef-a157-0242ac110002', 'C2', '0'),
('41c4276f-7410-11ef-a157-0242ac110002', '55499950-740b-11ef-a157-0242ac110002', 'fc96cc42-7409-11ef-a157-0242ac110002', 'C3', '0'),
('41c428c0-7410-11ef-a157-0242ac110002', '55499950-740b-11ef-a157-0242ac110002', 'fc96cc42-7409-11ef-a157-0242ac110002', 'C4', '0'),
('41c42a09-7410-11ef-a157-0242ac110002', '55499950-740b-11ef-a157-0242ac110002', 'fc96cc42-7409-11ef-a157-0242ac110002', 'C5', '0'),
('41c42b5d-7410-11ef-a157-0242ac110002', '55499950-740b-11ef-a157-0242ac110002', 'fc96cc42-7409-11ef-a157-0242ac110002', 'C6', '0'),
('41c42cbd-7410-11ef-a157-0242ac110002', '55499950-740b-11ef-a157-0242ac110002', 'fc96cc42-7409-11ef-a157-0242ac110002', 'C7', '0'),
('41c42e09-7410-11ef-a157-0242ac110002', '55499950-740b-11ef-a157-0242ac110002', 'fc96cc42-7409-11ef-a157-0242ac110002', 'C8', '0'),
('41c42f50-7410-11ef-a157-0242ac110002', '55499b7a-740b-11ef-a157-0242ac110002', 'fc96cc42-7409-11ef-a157-0242ac110002', 'D1', '0'),
('41c4c7e3-7410-11ef-a157-0242ac110002', '55499b7a-740b-11ef-a157-0242ac110002', 'fc96cc42-7409-11ef-a157-0242ac110002', 'D2', '0'),
('41c4d0ae-7410-11ef-a157-0242ac110002', '55499b7a-740b-11ef-a157-0242ac110002', 'fc96cc42-7409-11ef-a157-0242ac110002', 'D3', '0'),
('41c4d68e-7410-11ef-a157-0242ac110002', '55499b7a-740b-11ef-a157-0242ac110002', 'fc96cc42-7409-11ef-a157-0242ac110002', 'D4', '0'),
('41c4db16-7410-11ef-a157-0242ac110002', '55499b7a-740b-11ef-a157-0242ac110002', 'fc96cc42-7409-11ef-a157-0242ac110002', 'D5', '0'),
('41c4df55-7410-11ef-a157-0242ac110002', '55499b7a-740b-11ef-a157-0242ac110002', 'fc96cc42-7409-11ef-a157-0242ac110002', 'D6', '0'),
('41c59b10-7410-11ef-a157-0242ac110002', '55497148-740b-11ef-a157-0242ac110002', 'fc96d320-7409-11ef-a157-0242ac110002', 'A1', '0'),
('41c5a4dc-7410-11ef-a157-0242ac110002', '55497148-740b-11ef-a157-0242ac110002', 'fc96d320-7409-11ef-a157-0242ac110002', 'A2', '0'),
('41c5a6f4-7410-11ef-a157-0242ac110002', '55497148-740b-11ef-a157-0242ac110002', 'fc96d320-7409-11ef-a157-0242ac110002', 'A3', '0'),
('41c5a85c-7410-11ef-a157-0242ac110002', '55497148-740b-11ef-a157-0242ac110002', 'fc96d320-7409-11ef-a157-0242ac110002', 'A4', '0'),
('41c5a9a8-7410-11ef-a157-0242ac110002', '55497148-740b-11ef-a157-0242ac110002', 'fc96d320-7409-11ef-a157-0242ac110002', 'A5', '0'),
('41c5aae5-7410-11ef-a157-0242ac110002', '55497148-740b-11ef-a157-0242ac110002', 'fc96d320-7409-11ef-a157-0242ac110002', 'A6', '0'),
('41c5ac2c-7410-11ef-a157-0242ac110002', '55497148-740b-11ef-a157-0242ac110002', 'fc96d320-7409-11ef-a157-0242ac110002', 'A7', '0'),
('41c5adb3-7410-11ef-a157-0242ac110002', '55497148-740b-11ef-a157-0242ac110002', 'fc96d320-7409-11ef-a157-0242ac110002', 'A8', '0'),
('41c5aeee-7410-11ef-a157-0242ac110002', '55499950-740b-11ef-a157-0242ac110002', 'fc96d320-7409-11ef-a157-0242ac110002', 'B1', '0'),
('41c5b050-7410-11ef-a157-0242ac110002', '55499950-740b-11ef-a157-0242ac110002', 'fc96d320-7409-11ef-a157-0242ac110002', 'B2', '0'),
('41c5b1d1-7410-11ef-a157-0242ac110002', '55499950-740b-11ef-a157-0242ac110002', 'fc96d320-7409-11ef-a157-0242ac110002', 'B3', '0'),
('41c5b30f-7410-11ef-a157-0242ac110002', '55499950-740b-11ef-a157-0242ac110002', 'fc96d320-7409-11ef-a157-0242ac110002', 'B4', '0'),
('41c5b44c-7410-11ef-a157-0242ac110002', '55499950-740b-11ef-a157-0242ac110002', 'fc96d320-7409-11ef-a157-0242ac110002', 'B5', '0'),
('41c5b587-7410-11ef-a157-0242ac110002', '55499950-740b-11ef-a157-0242ac110002', 'fc96d320-7409-11ef-a157-0242ac110002', 'B6', '0'),
('41c5b6bf-7410-11ef-a157-0242ac110002', '55499950-740b-11ef-a157-0242ac110002', 'fc96d320-7409-11ef-a157-0242ac110002', 'B7', '0'),
('41c5b7fa-7410-11ef-a157-0242ac110002', '55499950-740b-11ef-a157-0242ac110002', 'fc96d320-7409-11ef-a157-0242ac110002', 'B8', '0'),
('41c5b92f-7410-11ef-a157-0242ac110002', '55499950-740b-11ef-a157-0242ac110002', 'fc96d320-7409-11ef-a157-0242ac110002', 'C1', '0'),
('41c5ba71-7410-11ef-a157-0242ac110002', '55499950-740b-11ef-a157-0242ac110002', 'fc96d320-7409-11ef-a157-0242ac110002', 'C2', '0'),
('41c5bba6-7410-11ef-a157-0242ac110002', '55499950-740b-11ef-a157-0242ac110002', 'fc96d320-7409-11ef-a157-0242ac110002', 'C3', '0'),
('41c5bce6-7410-11ef-a157-0242ac110002', '55499950-740b-11ef-a157-0242ac110002', 'fc96d320-7409-11ef-a157-0242ac110002', 'C4', '0'),
('41c5be21-7410-11ef-a157-0242ac110002', '55499950-740b-11ef-a157-0242ac110002', 'fc96d320-7409-11ef-a157-0242ac110002', 'C5', '0'),
('41c5bfba-7410-11ef-a157-0242ac110002', '55499950-740b-11ef-a157-0242ac110002', 'fc96d320-7409-11ef-a157-0242ac110002', 'C6', '0'),
('41c5c0f3-7410-11ef-a157-0242ac110002', '55499950-740b-11ef-a157-0242ac110002', 'fc96d320-7409-11ef-a157-0242ac110002', 'C7', '0'),
('41c5c23c-7410-11ef-a157-0242ac110002', '55499950-740b-11ef-a157-0242ac110002', 'fc96d320-7409-11ef-a157-0242ac110002', 'C8', '0'),
('41c5c37b-7410-11ef-a157-0242ac110002', '55499b7a-740b-11ef-a157-0242ac110002', 'fc96d320-7409-11ef-a157-0242ac110002', 'D1', '0'),
('41c5c4cd-7410-11ef-a157-0242ac110002', '55499b7a-740b-11ef-a157-0242ac110002', 'fc96d320-7409-11ef-a157-0242ac110002', 'D2', '0'),
('41c5c603-7410-11ef-a157-0242ac110002', '55499b7a-740b-11ef-a157-0242ac110002', 'fc96d320-7409-11ef-a157-0242ac110002', 'D3', '0'),
('41c5c74d-7410-11ef-a157-0242ac110002', '55499b7a-740b-11ef-a157-0242ac110002', 'fc96d320-7409-11ef-a157-0242ac110002', 'D4', '0'),
('41c5c89a-7410-11ef-a157-0242ac110002', '55499b7a-740b-11ef-a157-0242ac110002', 'fc96d320-7409-11ef-a157-0242ac110002', 'D5', '0'),
('41c5c9e7-7410-11ef-a157-0242ac110002', '55499b7a-740b-11ef-a157-0242ac110002', 'fc96d320-7409-11ef-a157-0242ac110002', 'D6', '0'),
('41c73615-7410-11ef-a157-0242ac110002', '55497148-740b-11ef-a157-0242ac110002', 'fc96d5b7-7409-11ef-a157-0242ac110002', 'A1', '0'),
('41c745ee-7410-11ef-a157-0242ac110002', '55497148-740b-11ef-a157-0242ac110002', 'fc96d5b7-7409-11ef-a157-0242ac110002', 'A2', '0'),
('41c74f07-7410-11ef-a157-0242ac110002', '55497148-740b-11ef-a157-0242ac110002', 'fc96d5b7-7409-11ef-a157-0242ac110002', 'A3', '0'),
('41c75472-7410-11ef-a157-0242ac110002', '55497148-740b-11ef-a157-0242ac110002', 'fc96d5b7-7409-11ef-a157-0242ac110002', 'A4', '0'),
('41c7560c-7410-11ef-a157-0242ac110002', '55497148-740b-11ef-a157-0242ac110002', 'fc96d5b7-7409-11ef-a157-0242ac110002', 'A5', '0'),
('41c757a1-7410-11ef-a157-0242ac110002', '55497148-740b-11ef-a157-0242ac110002', 'fc96d5b7-7409-11ef-a157-0242ac110002', 'A6', '0'),
('41c75910-7410-11ef-a157-0242ac110002', '55497148-740b-11ef-a157-0242ac110002', 'fc96d5b7-7409-11ef-a157-0242ac110002', 'A7', '0'),
('41c75a6b-7410-11ef-a157-0242ac110002', '55497148-740b-11ef-a157-0242ac110002', 'fc96d5b7-7409-11ef-a157-0242ac110002', 'A8', '0'),
('41c75bba-7410-11ef-a157-0242ac110002', '55499950-740b-11ef-a157-0242ac110002', 'fc96d5b7-7409-11ef-a157-0242ac110002', 'B1', '0'),
('41c75d3f-7410-11ef-a157-0242ac110002', '55499950-740b-11ef-a157-0242ac110002', 'fc96d5b7-7409-11ef-a157-0242ac110002', 'B2', '0'),
('41c75e8a-7410-11ef-a157-0242ac110002', '55499950-740b-11ef-a157-0242ac110002', 'fc96d5b7-7409-11ef-a157-0242ac110002', 'B3', '0'),
('41c75fe0-7410-11ef-a157-0242ac110002', '55499950-740b-11ef-a157-0242ac110002', 'fc96d5b7-7409-11ef-a157-0242ac110002', 'B4', '0'),
('41c76129-7410-11ef-a157-0242ac110002', '55499950-740b-11ef-a157-0242ac110002', 'fc96d5b7-7409-11ef-a157-0242ac110002', 'B5', '0'),
('41c76277-7410-11ef-a157-0242ac110002', '55499950-740b-11ef-a157-0242ac110002', 'fc96d5b7-7409-11ef-a157-0242ac110002', 'B6', '0'),
('41c763c5-7410-11ef-a157-0242ac110002', '55499950-740b-11ef-a157-0242ac110002', 'fc96d5b7-7409-11ef-a157-0242ac110002', 'B7', '0'),
('41c764fd-7410-11ef-a157-0242ac110002', '55499950-740b-11ef-a157-0242ac110002', 'fc96d5b7-7409-11ef-a157-0242ac110002', 'B8', '0'),
('41c76648-7410-11ef-a157-0242ac110002', '55499950-740b-11ef-a157-0242ac110002', 'fc96d5b7-7409-11ef-a157-0242ac110002', 'C1', '0'),
('41c76798-7410-11ef-a157-0242ac110002', '55499950-740b-11ef-a157-0242ac110002', 'fc96d5b7-7409-11ef-a157-0242ac110002', 'C2', '0'),
('41c768e7-7410-11ef-a157-0242ac110002', '55499950-740b-11ef-a157-0242ac110002', 'fc96d5b7-7409-11ef-a157-0242ac110002', 'C3', '0'),
('41c76a2c-7410-11ef-a157-0242ac110002', '55499950-740b-11ef-a157-0242ac110002', 'fc96d5b7-7409-11ef-a157-0242ac110002', 'C4', '0'),
('41c76b5f-7410-11ef-a157-0242ac110002', '55499950-740b-11ef-a157-0242ac110002', 'fc96d5b7-7409-11ef-a157-0242ac110002', 'C5', '0'),
('41c76d22-7410-11ef-a157-0242ac110002', '55499950-740b-11ef-a157-0242ac110002', 'fc96d5b7-7409-11ef-a157-0242ac110002', 'C6', '0'),
('41c7c787-7410-11ef-a157-0242ac110002', '55499950-740b-11ef-a157-0242ac110002', 'fc96d5b7-7409-11ef-a157-0242ac110002', 'C7', '0'),
('41c7cf5c-7410-11ef-a157-0242ac110002', '55499950-740b-11ef-a157-0242ac110002', 'fc96d5b7-7409-11ef-a157-0242ac110002', 'C8', '0'),
('41c7d40f-7410-11ef-a157-0242ac110002', '55499b7a-740b-11ef-a157-0242ac110002', 'fc96d5b7-7409-11ef-a157-0242ac110002', 'D1', '0'),
('41c7d857-7410-11ef-a157-0242ac110002', '55499b7a-740b-11ef-a157-0242ac110002', 'fc96d5b7-7409-11ef-a157-0242ac110002', 'D2', '0'),
('41c7dc5d-7410-11ef-a157-0242ac110002', '55499b7a-740b-11ef-a157-0242ac110002', 'fc96d5b7-7409-11ef-a157-0242ac110002', 'D3', '0'),
('41c7e052-7410-11ef-a157-0242ac110002', '55499b7a-740b-11ef-a157-0242ac110002', 'fc96d5b7-7409-11ef-a157-0242ac110002', 'D4', '0'),
('41c7e54f-7410-11ef-a157-0242ac110002', '55499b7a-740b-11ef-a157-0242ac110002', 'fc96d5b7-7409-11ef-a157-0242ac110002', 'D5', '0'),
('41c7e979-7410-11ef-a157-0242ac110002', '55499b7a-740b-11ef-a157-0242ac110002', 'fc96d5b7-7409-11ef-a157-0242ac110002', 'D6', '0'),
('41c8c8e0-7410-11ef-a157-0242ac110002', '55497148-740b-11ef-a157-0242ac110002', 'fc96d7f3-7409-11ef-a157-0242ac110002', 'A1', '0'),
('41c8d482-7410-11ef-a157-0242ac110002', '55497148-740b-11ef-a157-0242ac110002', 'fc96d7f3-7409-11ef-a157-0242ac110002', 'A2', '0'),
('41c8d6eb-7410-11ef-a157-0242ac110002', '55497148-740b-11ef-a157-0242ac110002', 'fc96d7f3-7409-11ef-a157-0242ac110002', 'A3', '0'),
('41c8d86c-7410-11ef-a157-0242ac110002', '55497148-740b-11ef-a157-0242ac110002', 'fc96d7f3-7409-11ef-a157-0242ac110002', 'A4', '0'),
('41c8d9ce-7410-11ef-a157-0242ac110002', '55497148-740b-11ef-a157-0242ac110002', 'fc96d7f3-7409-11ef-a157-0242ac110002', 'A5', '0'),
('41c8db18-7410-11ef-a157-0242ac110002', '55497148-740b-11ef-a157-0242ac110002', 'fc96d7f3-7409-11ef-a157-0242ac110002', 'A6', '0'),
('41c8dc59-7410-11ef-a157-0242ac110002', '55497148-740b-11ef-a157-0242ac110002', 'fc96d7f3-7409-11ef-a157-0242ac110002', 'A7', '0'),
('41c8dd9d-7410-11ef-a157-0242ac110002', '55497148-740b-11ef-a157-0242ac110002', 'fc96d7f3-7409-11ef-a157-0242ac110002', 'A8', '0'),
('41c8def3-7410-11ef-a157-0242ac110002', '55499950-740b-11ef-a157-0242ac110002', 'fc96d7f3-7409-11ef-a157-0242ac110002', 'B1', '0'),
('41c8e05a-7410-11ef-a157-0242ac110002', '55499950-740b-11ef-a157-0242ac110002', 'fc96d7f3-7409-11ef-a157-0242ac110002', 'B2', '0'),
('41c8e1a1-7410-11ef-a157-0242ac110002', '55499950-740b-11ef-a157-0242ac110002', 'fc96d7f3-7409-11ef-a157-0242ac110002', 'B3', '0'),
('41c8e34d-7410-11ef-a157-0242ac110002', '55499950-740b-11ef-a157-0242ac110002', 'fc96d7f3-7409-11ef-a157-0242ac110002', 'B4', '0'),
('41c8e4c7-7410-11ef-a157-0242ac110002', '55499950-740b-11ef-a157-0242ac110002', 'fc96d7f3-7409-11ef-a157-0242ac110002', 'B5', '0'),
('41c8e621-7410-11ef-a157-0242ac110002', '55499950-740b-11ef-a157-0242ac110002', 'fc96d7f3-7409-11ef-a157-0242ac110002', 'B6', '0'),
('41c8e76d-7410-11ef-a157-0242ac110002', '55499950-740b-11ef-a157-0242ac110002', 'fc96d7f3-7409-11ef-a157-0242ac110002', 'B7', '0'),
('41c8e8a8-7410-11ef-a157-0242ac110002', '55499950-740b-11ef-a157-0242ac110002', 'fc96d7f3-7409-11ef-a157-0242ac110002', 'B8', '0'),
('41c8e9e2-7410-11ef-a157-0242ac110002', '55499950-740b-11ef-a157-0242ac110002', 'fc96d7f3-7409-11ef-a157-0242ac110002', 'C1', '0'),
('41c8eb19-7410-11ef-a157-0242ac110002', '55499950-740b-11ef-a157-0242ac110002', 'fc96d7f3-7409-11ef-a157-0242ac110002', 'C2', '0'),
('41c8ec7b-7410-11ef-a157-0242ac110002', '55499950-740b-11ef-a157-0242ac110002', 'fc96d7f3-7409-11ef-a157-0242ac110002', 'C3', '0'),
('41c8edbc-7410-11ef-a157-0242ac110002', '55499950-740b-11ef-a157-0242ac110002', 'fc96d7f3-7409-11ef-a157-0242ac110002', 'C4', '0'),
('41c8eef2-7410-11ef-a157-0242ac110002', '55499950-740b-11ef-a157-0242ac110002', 'fc96d7f3-7409-11ef-a157-0242ac110002', 'C5', '0'),
('41c962fa-7410-11ef-a157-0242ac110002', '55499950-740b-11ef-a157-0242ac110002', 'fc96d7f3-7409-11ef-a157-0242ac110002', 'C6', '0'),
('41c96583-7410-11ef-a157-0242ac110002', '55499950-740b-11ef-a157-0242ac110002', 'fc96d7f3-7409-11ef-a157-0242ac110002', 'C7', '0'),
('41c966e7-7410-11ef-a157-0242ac110002', '55499950-740b-11ef-a157-0242ac110002', 'fc96d7f3-7409-11ef-a157-0242ac110002', 'C8', '0'),
('41c96878-7410-11ef-a157-0242ac110002', '55499b7a-740b-11ef-a157-0242ac110002', 'fc96d7f3-7409-11ef-a157-0242ac110002', 'D1', '0'),
('41cb16eb-7410-11ef-a157-0242ac110002', '55499b7a-740b-11ef-a157-0242ac110002', 'fc96d7f3-7409-11ef-a157-0242ac110002', 'D2', '0'),
('41cb1e63-7410-11ef-a157-0242ac110002', '55499b7a-740b-11ef-a157-0242ac110002', 'fc96d7f3-7409-11ef-a157-0242ac110002', 'D3', '0'),
('41cb2070-7410-11ef-a157-0242ac110002', '55499b7a-740b-11ef-a157-0242ac110002', 'fc96d7f3-7409-11ef-a157-0242ac110002', 'D4', '0'),
('41cb220d-7410-11ef-a157-0242ac110002', '55499b7a-740b-11ef-a157-0242ac110002', 'fc96d7f3-7409-11ef-a157-0242ac110002', 'D5', '0'),
('41cb2392-7410-11ef-a157-0242ac110002', '55499b7a-740b-11ef-a157-0242ac110002', 'fc96d7f3-7409-11ef-a157-0242ac110002', 'D6', '0'),
('41cc1ba9-7410-11ef-a157-0242ac110002', '55497148-740b-11ef-a157-0242ac110002', 'fc96dc8b-7409-11ef-a157-0242ac110002', 'A1', '0'),
('41cc22ff-7410-11ef-a157-0242ac110002', '55497148-740b-11ef-a157-0242ac110002', 'fc96dc8b-7409-11ef-a157-0242ac110002', 'A2', '0'),
('41cc2506-7410-11ef-a157-0242ac110002', '55497148-740b-11ef-a157-0242ac110002', 'fc96dc8b-7409-11ef-a157-0242ac110002', 'A3', '0'),
('41cc2667-7410-11ef-a157-0242ac110002', '55497148-740b-11ef-a157-0242ac110002', 'fc96dc8b-7409-11ef-a157-0242ac110002', 'A4', '0'),
('41cc2824-7410-11ef-a157-0242ac110002', '55497148-740b-11ef-a157-0242ac110002', 'fc96dc8b-7409-11ef-a157-0242ac110002', 'A5', '0'),
('41cc2981-7410-11ef-a157-0242ac110002', '55497148-740b-11ef-a157-0242ac110002', 'fc96dc8b-7409-11ef-a157-0242ac110002', 'A6', '0'),
('41cc2abb-7410-11ef-a157-0242ac110002', '55497148-740b-11ef-a157-0242ac110002', 'fc96dc8b-7409-11ef-a157-0242ac110002', 'A7', '0'),
('41cc2c13-7410-11ef-a157-0242ac110002', '55497148-740b-11ef-a157-0242ac110002', 'fc96dc8b-7409-11ef-a157-0242ac110002', 'A8', '0'),
('41cc2d64-7410-11ef-a157-0242ac110002', '55499950-740b-11ef-a157-0242ac110002', 'fc96dc8b-7409-11ef-a157-0242ac110002', 'B1', '0'),
('41cc2ec3-7410-11ef-a157-0242ac110002', '55499950-740b-11ef-a157-0242ac110002', 'fc96dc8b-7409-11ef-a157-0242ac110002', 'B2', '0'),
('41cc300a-7410-11ef-a157-0242ac110002', '55499950-740b-11ef-a157-0242ac110002', 'fc96dc8b-7409-11ef-a157-0242ac110002', 'B3', '0'),
('41cc3157-7410-11ef-a157-0242ac110002', '55499950-740b-11ef-a157-0242ac110002', 'fc96dc8b-7409-11ef-a157-0242ac110002', 'B4', '0'),
('41cc329a-7410-11ef-a157-0242ac110002', '55499950-740b-11ef-a157-0242ac110002', 'fc96dc8b-7409-11ef-a157-0242ac110002', 'B5', '0'),
('41cc3404-7410-11ef-a157-0242ac110002', '55499950-740b-11ef-a157-0242ac110002', 'fc96dc8b-7409-11ef-a157-0242ac110002', 'B6', '0'),
('41cc354b-7410-11ef-a157-0242ac110002', '55499950-740b-11ef-a157-0242ac110002', 'fc96dc8b-7409-11ef-a157-0242ac110002', 'B7', '0'),
('41cc3682-7410-11ef-a157-0242ac110002', '55499950-740b-11ef-a157-0242ac110002', 'fc96dc8b-7409-11ef-a157-0242ac110002', 'B8', '0'),
('41cc37cb-7410-11ef-a157-0242ac110002', '55499950-740b-11ef-a157-0242ac110002', 'fc96dc8b-7409-11ef-a157-0242ac110002', 'C1', '0'),
('41cc391e-7410-11ef-a157-0242ac110002', '55499950-740b-11ef-a157-0242ac110002', 'fc96dc8b-7409-11ef-a157-0242ac110002', 'C2', '0'),
('41cc3a66-7410-11ef-a157-0242ac110002', '55499950-740b-11ef-a157-0242ac110002', 'fc96dc8b-7409-11ef-a157-0242ac110002', 'C3', '0'),
('41cc3bb2-7410-11ef-a157-0242ac110002', '55499950-740b-11ef-a157-0242ac110002', 'fc96dc8b-7409-11ef-a157-0242ac110002', 'C4', '0'),
('41cc3cfb-7410-11ef-a157-0242ac110002', '55499950-740b-11ef-a157-0242ac110002', 'fc96dc8b-7409-11ef-a157-0242ac110002', 'C5', '0'),
('41cc3e48-7410-11ef-a157-0242ac110002', '55499950-740b-11ef-a157-0242ac110002', 'fc96dc8b-7409-11ef-a157-0242ac110002', 'C6', '0'),
('41cc3f80-7410-11ef-a157-0242ac110002', '55499950-740b-11ef-a157-0242ac110002', 'fc96dc8b-7409-11ef-a157-0242ac110002', 'C7', '0'),
('41cc40c5-7410-11ef-a157-0242ac110002', '55499950-740b-11ef-a157-0242ac110002', 'fc96dc8b-7409-11ef-a157-0242ac110002', 'C8', '0'),
('41cc4209-7410-11ef-a157-0242ac110002', '55499b7a-740b-11ef-a157-0242ac110002', 'fc96dc8b-7409-11ef-a157-0242ac110002', 'D1', '0'),
('41cc435e-7410-11ef-a157-0242ac110002', '55499b7a-740b-11ef-a157-0242ac110002', 'fc96dc8b-7409-11ef-a157-0242ac110002', 'D2', '0'),
('41cc44b8-7410-11ef-a157-0242ac110002', '55499b7a-740b-11ef-a157-0242ac110002', 'fc96dc8b-7409-11ef-a157-0242ac110002', 'D3', '0'),
('41cc45fe-7410-11ef-a157-0242ac110002', '55499b7a-740b-11ef-a157-0242ac110002', 'fc96dc8b-7409-11ef-a157-0242ac110002', 'D4', '0'),
('41cc4748-7410-11ef-a157-0242ac110002', '55499b7a-740b-11ef-a157-0242ac110002', 'fc96dc8b-7409-11ef-a157-0242ac110002', 'D5', '0'),
('41cc4893-7410-11ef-a157-0242ac110002', '55499b7a-740b-11ef-a157-0242ac110002', 'fc96dc8b-7409-11ef-a157-0242ac110002', 'D6', '0'),
('41cd48ea-7410-11ef-a157-0242ac110002', '55497148-740b-11ef-a157-0242ac110002', 'fc96deaf-7409-11ef-a157-0242ac110002', 'A1', '0'),
('41cd51e4-7410-11ef-a157-0242ac110002', '55497148-740b-11ef-a157-0242ac110002', 'fc96deaf-7409-11ef-a157-0242ac110002', 'A2', '0'),
('41cd5421-7410-11ef-a157-0242ac110002', '55497148-740b-11ef-a157-0242ac110002', 'fc96deaf-7409-11ef-a157-0242ac110002', 'A3', '0'),
('41cd5596-7410-11ef-a157-0242ac110002', '55497148-740b-11ef-a157-0242ac110002', 'fc96deaf-7409-11ef-a157-0242ac110002', 'A4', '0'),
('41cd56e1-7410-11ef-a157-0242ac110002', '55497148-740b-11ef-a157-0242ac110002', 'fc96deaf-7409-11ef-a157-0242ac110002', 'A5', '0'),
('41cd5858-7410-11ef-a157-0242ac110002', '55497148-740b-11ef-a157-0242ac110002', 'fc96deaf-7409-11ef-a157-0242ac110002', 'A6', '0'),
('41cd59a1-7410-11ef-a157-0242ac110002', '55497148-740b-11ef-a157-0242ac110002', 'fc96deaf-7409-11ef-a157-0242ac110002', 'A7', '0'),
('41cd5aee-7410-11ef-a157-0242ac110002', '55497148-740b-11ef-a157-0242ac110002', 'fc96deaf-7409-11ef-a157-0242ac110002', 'A8', '0'),
('41cd5c4e-7410-11ef-a157-0242ac110002', '55499950-740b-11ef-a157-0242ac110002', 'fc96deaf-7409-11ef-a157-0242ac110002', 'B1', '0'),
('41cd5dca-7410-11ef-a157-0242ac110002', '55499950-740b-11ef-a157-0242ac110002', 'fc96deaf-7409-11ef-a157-0242ac110002', 'B2', '0'),
('41cd5f1c-7410-11ef-a157-0242ac110002', '55499950-740b-11ef-a157-0242ac110002', 'fc96deaf-7409-11ef-a157-0242ac110002', 'B3', '0'),
('41cd60e5-7410-11ef-a157-0242ac110002', '55499950-740b-11ef-a157-0242ac110002', 'fc96deaf-7409-11ef-a157-0242ac110002', 'B4', '0'),
('41cd6232-7410-11ef-a157-0242ac110002', '55499950-740b-11ef-a157-0242ac110002', 'fc96deaf-7409-11ef-a157-0242ac110002', 'B5', '0'),
('41cd6395-7410-11ef-a157-0242ac110002', '55499950-740b-11ef-a157-0242ac110002', 'fc96deaf-7409-11ef-a157-0242ac110002', 'B6', '0'),
('41cd64e4-7410-11ef-a157-0242ac110002', '55499950-740b-11ef-a157-0242ac110002', 'fc96deaf-7409-11ef-a157-0242ac110002', 'B7', '0'),
('41cd6622-7410-11ef-a157-0242ac110002', '55499950-740b-11ef-a157-0242ac110002', 'fc96deaf-7409-11ef-a157-0242ac110002', 'B8', '0'),
('41cd6762-7410-11ef-a157-0242ac110002', '55499950-740b-11ef-a157-0242ac110002', 'fc96deaf-7409-11ef-a157-0242ac110002', 'C1', '0'),
('41cd68af-7410-11ef-a157-0242ac110002', '55499950-740b-11ef-a157-0242ac110002', 'fc96deaf-7409-11ef-a157-0242ac110002', 'C2', '0'),
('41cd6a08-7410-11ef-a157-0242ac110002', '55499950-740b-11ef-a157-0242ac110002', 'fc96deaf-7409-11ef-a157-0242ac110002', 'C3', '0'),
('41cd6b38-7410-11ef-a157-0242ac110002', '55499950-740b-11ef-a157-0242ac110002', 'fc96deaf-7409-11ef-a157-0242ac110002', 'C4', '0'),
('41cd6c78-7410-11ef-a157-0242ac110002', '55499950-740b-11ef-a157-0242ac110002', 'fc96deaf-7409-11ef-a157-0242ac110002', 'C5', '0'),
('41cd6dc1-7410-11ef-a157-0242ac110002', '55499950-740b-11ef-a157-0242ac110002', 'fc96deaf-7409-11ef-a157-0242ac110002', 'C6', '0'),
('41cd6f05-7410-11ef-a157-0242ac110002', '55499950-740b-11ef-a157-0242ac110002', 'fc96deaf-7409-11ef-a157-0242ac110002', 'C7', '0'),
('41cd7054-7410-11ef-a157-0242ac110002', '55499950-740b-11ef-a157-0242ac110002', 'fc96deaf-7409-11ef-a157-0242ac110002', 'C8', '0'),
('41cd7192-7410-11ef-a157-0242ac110002', '55499b7a-740b-11ef-a157-0242ac110002', 'fc96deaf-7409-11ef-a157-0242ac110002', 'D1', '0'),
('41cd72fb-7410-11ef-a157-0242ac110002', '55499b7a-740b-11ef-a157-0242ac110002', 'fc96deaf-7409-11ef-a157-0242ac110002', 'D2', '0'),
('41cd746b-7410-11ef-a157-0242ac110002', '55499b7a-740b-11ef-a157-0242ac110002', 'fc96deaf-7409-11ef-a157-0242ac110002', 'D3', '0'),
('41cd75cb-7410-11ef-a157-0242ac110002', '55499b7a-740b-11ef-a157-0242ac110002', 'fc96deaf-7409-11ef-a157-0242ac110002', 'D4', '0'),
('41cd7726-7410-11ef-a157-0242ac110002', '55499b7a-740b-11ef-a157-0242ac110002', 'fc96deaf-7409-11ef-a157-0242ac110002', 'D5', '0'),
('41cd7882-7410-11ef-a157-0242ac110002', '55499b7a-740b-11ef-a157-0242ac110002', 'fc96deaf-7409-11ef-a157-0242ac110002', 'D6', '0'),
('41ce9372-7410-11ef-a157-0242ac110002', '55497148-740b-11ef-a157-0242ac110002', 'fc96e0eb-7409-11ef-a157-0242ac110002', 'A1', '0'),
('41ce9d11-7410-11ef-a157-0242ac110002', '55497148-740b-11ef-a157-0242ac110002', 'fc96e0eb-7409-11ef-a157-0242ac110002', 'A2', '0'),
('41ce9f4e-7410-11ef-a157-0242ac110002', '55497148-740b-11ef-a157-0242ac110002', 'fc96e0eb-7409-11ef-a157-0242ac110002', 'A3', '0'),
('41cea0a7-7410-11ef-a157-0242ac110002', '55497148-740b-11ef-a157-0242ac110002', 'fc96e0eb-7409-11ef-a157-0242ac110002', 'A4', '0'),
('41cea1f4-7410-11ef-a157-0242ac110002', '55497148-740b-11ef-a157-0242ac110002', 'fc96e0eb-7409-11ef-a157-0242ac110002', 'A5', '0'),
('41cea32d-7410-11ef-a157-0242ac110002', '55497148-740b-11ef-a157-0242ac110002', 'fc96e0eb-7409-11ef-a157-0242ac110002', 'A6', '0'),
('41cea461-7410-11ef-a157-0242ac110002', '55497148-740b-11ef-a157-0242ac110002', 'fc96e0eb-7409-11ef-a157-0242ac110002', 'A7', '0'),
('41cea5b2-7410-11ef-a157-0242ac110002', '55497148-740b-11ef-a157-0242ac110002', 'fc96e0eb-7409-11ef-a157-0242ac110002', 'A8', '0'),
('41cea708-7410-11ef-a157-0242ac110002', '55499950-740b-11ef-a157-0242ac110002', 'fc96e0eb-7409-11ef-a157-0242ac110002', 'B1', '0'),
('41cea86a-7410-11ef-a157-0242ac110002', '55499950-740b-11ef-a157-0242ac110002', 'fc96e0eb-7409-11ef-a157-0242ac110002', 'B2', '0'),
('41cea9c5-7410-11ef-a157-0242ac110002', '55499950-740b-11ef-a157-0242ac110002', 'fc96e0eb-7409-11ef-a157-0242ac110002', 'B3', '0'),
('41ceab35-7410-11ef-a157-0242ac110002', '55499950-740b-11ef-a157-0242ac110002', 'fc96e0eb-7409-11ef-a157-0242ac110002', 'B4', '0'),
('41ceac93-7410-11ef-a157-0242ac110002', '55499950-740b-11ef-a157-0242ac110002', 'fc96e0eb-7409-11ef-a157-0242ac110002', 'B5', '0'),
('41ceadd9-7410-11ef-a157-0242ac110002', '55499950-740b-11ef-a157-0242ac110002', 'fc96e0eb-7409-11ef-a157-0242ac110002', 'B6', '0'),
('41ceaf2a-7410-11ef-a157-0242ac110002', '55499950-740b-11ef-a157-0242ac110002', 'fc96e0eb-7409-11ef-a157-0242ac110002', 'B7', '0'),
('41ceb07a-7410-11ef-a157-0242ac110002', '55499950-740b-11ef-a157-0242ac110002', 'fc96e0eb-7409-11ef-a157-0242ac110002', 'B8', '0'),
('41ceb1c0-7410-11ef-a157-0242ac110002', '55499950-740b-11ef-a157-0242ac110002', 'fc96e0eb-7409-11ef-a157-0242ac110002', 'C1', '0'),
('41ceb313-7410-11ef-a157-0242ac110002', '55499950-740b-11ef-a157-0242ac110002', 'fc96e0eb-7409-11ef-a157-0242ac110002', 'C2', '0'),
('41ceb45d-7410-11ef-a157-0242ac110002', '55499950-740b-11ef-a157-0242ac110002', 'fc96e0eb-7409-11ef-a157-0242ac110002', 'C3', '0'),
('41ceb593-7410-11ef-a157-0242ac110002', '55499950-740b-11ef-a157-0242ac110002', 'fc96e0eb-7409-11ef-a157-0242ac110002', 'C4', '0'),
('41ceb6e9-7410-11ef-a157-0242ac110002', '55499950-740b-11ef-a157-0242ac110002', 'fc96e0eb-7409-11ef-a157-0242ac110002', 'C5', '0'),
('41ceb833-7410-11ef-a157-0242ac110002', '55499950-740b-11ef-a157-0242ac110002', 'fc96e0eb-7409-11ef-a157-0242ac110002', 'C6', '0'),
('41ceb97e-7410-11ef-a157-0242ac110002', '55499950-740b-11ef-a157-0242ac110002', 'fc96e0eb-7409-11ef-a157-0242ac110002', 'C7', '0'),
('41cebad8-7410-11ef-a157-0242ac110002', '55499950-740b-11ef-a157-0242ac110002', 'fc96e0eb-7409-11ef-a157-0242ac110002', 'C8', '0'),
('41cebc20-7410-11ef-a157-0242ac110002', '55499b7a-740b-11ef-a157-0242ac110002', 'fc96e0eb-7409-11ef-a157-0242ac110002', 'D1', '0'),
('41cebd79-7410-11ef-a157-0242ac110002', '55499b7a-740b-11ef-a157-0242ac110002', 'fc96e0eb-7409-11ef-a157-0242ac110002', 'D2', '0'),
('41cebed2-7410-11ef-a157-0242ac110002', '55499b7a-740b-11ef-a157-0242ac110002', 'fc96e0eb-7409-11ef-a157-0242ac110002', 'D3', '0'),
('41cec097-7410-11ef-a157-0242ac110002', '55499b7a-740b-11ef-a157-0242ac110002', 'fc96e0eb-7409-11ef-a157-0242ac110002', 'D4', '0'),
('41cec209-7410-11ef-a157-0242ac110002', '55499b7a-740b-11ef-a157-0242ac110002', 'fc96e0eb-7409-11ef-a157-0242ac110002', 'D5', '0'),
('41cec360-7410-11ef-a157-0242ac110002', '55499b7a-740b-11ef-a157-0242ac110002', 'fc96e0eb-7409-11ef-a157-0242ac110002', 'D6', '0'),
('41cf815a-7410-11ef-a157-0242ac110002', '55497148-740b-11ef-a157-0242ac110002', 'fc96e308-7409-11ef-a157-0242ac110002', 'A1', '0'),
('41cf893c-7410-11ef-a157-0242ac110002', '55497148-740b-11ef-a157-0242ac110002', 'fc96e308-7409-11ef-a157-0242ac110002', 'A2', '0'),
('41cf8b32-7410-11ef-a157-0242ac110002', '55497148-740b-11ef-a157-0242ac110002', 'fc96e308-7409-11ef-a157-0242ac110002', 'A3', '0'),
('41cf8c80-7410-11ef-a157-0242ac110002', '55497148-740b-11ef-a157-0242ac110002', 'fc96e308-7409-11ef-a157-0242ac110002', 'A4', '0'),
('41cf8db5-7410-11ef-a157-0242ac110002', '55497148-740b-11ef-a157-0242ac110002', 'fc96e308-7409-11ef-a157-0242ac110002', 'A5', '0'),
('41cf8ee9-7410-11ef-a157-0242ac110002', '55497148-740b-11ef-a157-0242ac110002', 'fc96e308-7409-11ef-a157-0242ac110002', 'A6', '0'),
('41cf9024-7410-11ef-a157-0242ac110002', '55497148-740b-11ef-a157-0242ac110002', 'fc96e308-7409-11ef-a157-0242ac110002', 'A7', '0'),
('41d00b43-7410-11ef-a157-0242ac110002', '55497148-740b-11ef-a157-0242ac110002', 'fc96e308-7409-11ef-a157-0242ac110002', 'A8', '0'),
('41d00d65-7410-11ef-a157-0242ac110002', '55499950-740b-11ef-a157-0242ac110002', 'fc96e308-7409-11ef-a157-0242ac110002', 'B1', '0'),
('41d00f05-7410-11ef-a157-0242ac110002', '55499950-740b-11ef-a157-0242ac110002', 'fc96e308-7409-11ef-a157-0242ac110002', 'B2', '0'),
('41d01067-7410-11ef-a157-0242ac110002', '55499950-740b-11ef-a157-0242ac110002', 'fc96e308-7409-11ef-a157-0242ac110002', 'B3', '0'),
('41d011dd-7410-11ef-a157-0242ac110002', '55499950-740b-11ef-a157-0242ac110002', 'fc96e308-7409-11ef-a157-0242ac110002', 'B4', '0'),
('41d0134d-7410-11ef-a157-0242ac110002', '55499950-740b-11ef-a157-0242ac110002', 'fc96e308-7409-11ef-a157-0242ac110002', 'B5', '0'),
('41d014b8-7410-11ef-a157-0242ac110002', '55499950-740b-11ef-a157-0242ac110002', 'fc96e308-7409-11ef-a157-0242ac110002', 'B6', '0'),
('41d05750-7410-11ef-a157-0242ac110002', '55499950-740b-11ef-a157-0242ac110002', 'fc96e308-7409-11ef-a157-0242ac110002', 'B7', '0'),
('41d05920-7410-11ef-a157-0242ac110002', '55499950-740b-11ef-a157-0242ac110002', 'fc96e308-7409-11ef-a157-0242ac110002', 'B8', '0'),
('41d05a98-7410-11ef-a157-0242ac110002', '55499950-740b-11ef-a157-0242ac110002', 'fc96e308-7409-11ef-a157-0242ac110002', 'C1', '0'),
('41d05c05-7410-11ef-a157-0242ac110002', '55499950-740b-11ef-a157-0242ac110002', 'fc96e308-7409-11ef-a157-0242ac110002', 'C2', '0'),
('41d05d6e-7410-11ef-a157-0242ac110002', '55499950-740b-11ef-a157-0242ac110002', 'fc96e308-7409-11ef-a157-0242ac110002', 'C3', '0'),
('41d05ed7-7410-11ef-a157-0242ac110002', '55499950-740b-11ef-a157-0242ac110002', 'fc96e308-7409-11ef-a157-0242ac110002', 'C4', '0'),
('41d06028-7410-11ef-a157-0242ac110002', '55499950-740b-11ef-a157-0242ac110002', 'fc96e308-7409-11ef-a157-0242ac110002', 'C5', '0'),
('41d06181-7410-11ef-a157-0242ac110002', '55499950-740b-11ef-a157-0242ac110002', 'fc96e308-7409-11ef-a157-0242ac110002', 'C6', '0'),
('41d062d7-7410-11ef-a157-0242ac110002', '55499950-740b-11ef-a157-0242ac110002', 'fc96e308-7409-11ef-a157-0242ac110002', 'C7', '0'),
('41d0642d-7410-11ef-a157-0242ac110002', '55499950-740b-11ef-a157-0242ac110002', 'fc96e308-7409-11ef-a157-0242ac110002', 'C8', '0'),
('41d06570-7410-11ef-a157-0242ac110002', '55499b7a-740b-11ef-a157-0242ac110002', 'fc96e308-7409-11ef-a157-0242ac110002', 'D1', '0'),
('41d066ce-7410-11ef-a157-0242ac110002', '55499b7a-740b-11ef-a157-0242ac110002', 'fc96e308-7409-11ef-a157-0242ac110002', 'D2', '0'),
('41d0682d-7410-11ef-a157-0242ac110002', '55499b7a-740b-11ef-a157-0242ac110002', 'fc96e308-7409-11ef-a157-0242ac110002', 'D3', '0'),
('41d0698c-7410-11ef-a157-0242ac110002', '55499b7a-740b-11ef-a157-0242ac110002', 'fc96e308-7409-11ef-a157-0242ac110002', 'D4', '0'),
('41d06af6-7410-11ef-a157-0242ac110002', '55499b7a-740b-11ef-a157-0242ac110002', 'fc96e308-7409-11ef-a157-0242ac110002', 'D5', '0'),
('41d06c60-7410-11ef-a157-0242ac110002', '55499b7a-740b-11ef-a157-0242ac110002', 'fc96e308-7409-11ef-a157-0242ac110002', 'D6', '0'),
('41d13855-7410-11ef-a157-0242ac110002', '55497148-740b-11ef-a157-0242ac110002', 'fc96e541-7409-11ef-a157-0242ac110002', 'A1', '0'),
('41d13f1d-7410-11ef-a157-0242ac110002', '55497148-740b-11ef-a157-0242ac110002', 'fc96e541-7409-11ef-a157-0242ac110002', 'A2', '0'),
('41d14104-7410-11ef-a157-0242ac110002', '55497148-740b-11ef-a157-0242ac110002', 'fc96e541-7409-11ef-a157-0242ac110002', 'A3', '0'),
('41d14255-7410-11ef-a157-0242ac110002', '55497148-740b-11ef-a157-0242ac110002', 'fc96e541-7409-11ef-a157-0242ac110002', 'A4', '0'),
('41d14396-7410-11ef-a157-0242ac110002', '55497148-740b-11ef-a157-0242ac110002', 'fc96e541-7409-11ef-a157-0242ac110002', 'A5', '0'),
('41d144e8-7410-11ef-a157-0242ac110002', '55497148-740b-11ef-a157-0242ac110002', 'fc96e541-7409-11ef-a157-0242ac110002', 'A6', '0'),
('41d14648-7410-11ef-a157-0242ac110002', '55497148-740b-11ef-a157-0242ac110002', 'fc96e541-7409-11ef-a157-0242ac110002', 'A7', '0'),
('41d14795-7410-11ef-a157-0242ac110002', '55497148-740b-11ef-a157-0242ac110002', 'fc96e541-7409-11ef-a157-0242ac110002', 'A8', '0'),
('41d148d1-7410-11ef-a157-0242ac110002', '55499950-740b-11ef-a157-0242ac110002', 'fc96e541-7409-11ef-a157-0242ac110002', 'B1', '0'),
('41d14a3e-7410-11ef-a157-0242ac110002', '55499950-740b-11ef-a157-0242ac110002', 'fc96e541-7409-11ef-a157-0242ac110002', 'B2', '0'),
('41d14bc4-7410-11ef-a157-0242ac110002', '55499950-740b-11ef-a157-0242ac110002', 'fc96e541-7409-11ef-a157-0242ac110002', 'B3', '0'),
('41d14d27-7410-11ef-a157-0242ac110002', '55499950-740b-11ef-a157-0242ac110002', 'fc96e541-7409-11ef-a157-0242ac110002', 'B4', '0'),
('41d14e78-7410-11ef-a157-0242ac110002', '55499950-740b-11ef-a157-0242ac110002', 'fc96e541-7409-11ef-a157-0242ac110002', 'B5', '0'),
('41d14fde-7410-11ef-a157-0242ac110002', '55499950-740b-11ef-a157-0242ac110002', 'fc96e541-7409-11ef-a157-0242ac110002', 'B6', '0'),
('41d15129-7410-11ef-a157-0242ac110002', '55499950-740b-11ef-a157-0242ac110002', 'fc96e541-7409-11ef-a157-0242ac110002', 'B7', '0'),
('41d15270-7410-11ef-a157-0242ac110002', '55499950-740b-11ef-a157-0242ac110002', 'fc96e541-7409-11ef-a157-0242ac110002', 'B8', '0'),
('41d153ca-7410-11ef-a157-0242ac110002', '55499950-740b-11ef-a157-0242ac110002', 'fc96e541-7409-11ef-a157-0242ac110002', 'C1', '0'),
('41d1eaf5-7410-11ef-a157-0242ac110002', '55499950-740b-11ef-a157-0242ac110002', 'fc96e541-7409-11ef-a157-0242ac110002', 'C2', '0'),
('41d1eee1-7410-11ef-a157-0242ac110002', '55499950-740b-11ef-a157-0242ac110002', 'fc96e541-7409-11ef-a157-0242ac110002', 'C3', '0'),
('41d1f05e-7410-11ef-a157-0242ac110002', '55499950-740b-11ef-a157-0242ac110002', 'fc96e541-7409-11ef-a157-0242ac110002', 'C4', '0'),
('41d1f1c9-7410-11ef-a157-0242ac110002', '55499950-740b-11ef-a157-0242ac110002', 'fc96e541-7409-11ef-a157-0242ac110002', 'C5', '0'),
('41d1f324-7410-11ef-a157-0242ac110002', '55499950-740b-11ef-a157-0242ac110002', 'fc96e541-7409-11ef-a157-0242ac110002', 'C6', '0'),
('41d1f4a3-7410-11ef-a157-0242ac110002', '55499950-740b-11ef-a157-0242ac110002', 'fc96e541-7409-11ef-a157-0242ac110002', 'C7', '0'),
('41d1f5fb-7410-11ef-a157-0242ac110002', '55499950-740b-11ef-a157-0242ac110002', 'fc96e541-7409-11ef-a157-0242ac110002', 'C8', '0'),
('41d1f74d-7410-11ef-a157-0242ac110002', '55499b7a-740b-11ef-a157-0242ac110002', 'fc96e541-7409-11ef-a157-0242ac110002', 'D1', '0'),
('41d1f8be-7410-11ef-a157-0242ac110002', '55499b7a-740b-11ef-a157-0242ac110002', 'fc96e541-7409-11ef-a157-0242ac110002', 'D2', '0'),
('41d1fa0d-7410-11ef-a157-0242ac110002', '55499b7a-740b-11ef-a157-0242ac110002', 'fc96e541-7409-11ef-a157-0242ac110002', 'D3', '0'),
('41d1fb67-7410-11ef-a157-0242ac110002', '55499b7a-740b-11ef-a157-0242ac110002', 'fc96e541-7409-11ef-a157-0242ac110002', 'D4', '0'),
('41d1fcd6-7410-11ef-a157-0242ac110002', '55499b7a-740b-11ef-a157-0242ac110002', 'fc96e541-7409-11ef-a157-0242ac110002', 'D5', '0'),
('41d1fe3a-7410-11ef-a157-0242ac110002', '55499b7a-740b-11ef-a157-0242ac110002', 'fc96e541-7409-11ef-a157-0242ac110002', 'D6', '0'),
('41d2d62f-7410-11ef-a157-0242ac110002', '55497148-740b-11ef-a157-0242ac110002', 'fc96e760-7409-11ef-a157-0242ac110002', 'A1', '0'),
('41d2df41-7410-11ef-a157-0242ac110002', '55497148-740b-11ef-a157-0242ac110002', 'fc96e760-7409-11ef-a157-0242ac110002', 'A2', '0'),
('41d2e186-7410-11ef-a157-0242ac110002', '55497148-740b-11ef-a157-0242ac110002', 'fc96e760-7409-11ef-a157-0242ac110002', 'A3', '0'),
('41d2e2e6-7410-11ef-a157-0242ac110002', '55497148-740b-11ef-a157-0242ac110002', 'fc96e760-7409-11ef-a157-0242ac110002', 'A4', '0'),
('41d2e43c-7410-11ef-a157-0242ac110002', '55497148-740b-11ef-a157-0242ac110002', 'fc96e760-7409-11ef-a157-0242ac110002', 'A5', '0'),
('41d2e593-7410-11ef-a157-0242ac110002', '55497148-740b-11ef-a157-0242ac110002', 'fc96e760-7409-11ef-a157-0242ac110002', 'A6', '0'),
('41d2e6d6-7410-11ef-a157-0242ac110002', '55497148-740b-11ef-a157-0242ac110002', 'fc96e760-7409-11ef-a157-0242ac110002', 'A7', '0'),
('41d2e837-7410-11ef-a157-0242ac110002', '55497148-740b-11ef-a157-0242ac110002', 'fc96e760-7409-11ef-a157-0242ac110002', 'A8', '0'),
('41d2e987-7410-11ef-a157-0242ac110002', '55499950-740b-11ef-a157-0242ac110002', 'fc96e760-7409-11ef-a157-0242ac110002', 'B1', '0'),
('41d2eaee-7410-11ef-a157-0242ac110002', '55499950-740b-11ef-a157-0242ac110002', 'fc96e760-7409-11ef-a157-0242ac110002', 'B2', '0'),
('41d2ec3f-7410-11ef-a157-0242ac110002', '55499950-740b-11ef-a157-0242ac110002', 'fc96e760-7409-11ef-a157-0242ac110002', 'B3', '0'),
('41d2ed76-7410-11ef-a157-0242ac110002', '55499950-740b-11ef-a157-0242ac110002', 'fc96e760-7409-11ef-a157-0242ac110002', 'B4', '0'),
('41d2eeac-7410-11ef-a157-0242ac110002', '55499950-740b-11ef-a157-0242ac110002', 'fc96e760-7409-11ef-a157-0242ac110002', 'B5', '0'),
('41d2efe7-7410-11ef-a157-0242ac110002', '55499950-740b-11ef-a157-0242ac110002', 'fc96e760-7409-11ef-a157-0242ac110002', 'B6', '0'),
('41d2f122-7410-11ef-a157-0242ac110002', '55499950-740b-11ef-a157-0242ac110002', 'fc96e760-7409-11ef-a157-0242ac110002', 'B7', '0'),
('41d2f26a-7410-11ef-a157-0242ac110002', '55499950-740b-11ef-a157-0242ac110002', 'fc96e760-7409-11ef-a157-0242ac110002', 'B8', '0'),
('41d2f3be-7410-11ef-a157-0242ac110002', '55499950-740b-11ef-a157-0242ac110002', 'fc96e760-7409-11ef-a157-0242ac110002', 'C1', '0'),
('41d2f506-7410-11ef-a157-0242ac110002', '55499950-740b-11ef-a157-0242ac110002', 'fc96e760-7409-11ef-a157-0242ac110002', 'C2', '0'),
('41d2f642-7410-11ef-a157-0242ac110002', '55499950-740b-11ef-a157-0242ac110002', 'fc96e760-7409-11ef-a157-0242ac110002', 'C3', '0'),
('41d2f78b-7410-11ef-a157-0242ac110002', '55499950-740b-11ef-a157-0242ac110002', 'fc96e760-7409-11ef-a157-0242ac110002', 'C4', '0'),
('41d2f8da-7410-11ef-a157-0242ac110002', '55499950-740b-11ef-a157-0242ac110002', 'fc96e760-7409-11ef-a157-0242ac110002', 'C5', '0'),
('41d2fa18-7410-11ef-a157-0242ac110002', '55499950-740b-11ef-a157-0242ac110002', 'fc96e760-7409-11ef-a157-0242ac110002', 'C6', '0'),
('41d2fb75-7410-11ef-a157-0242ac110002', '55499950-740b-11ef-a157-0242ac110002', 'fc96e760-7409-11ef-a157-0242ac110002', 'C7', '0'),
('41d2fccd-7410-11ef-a157-0242ac110002', '55499950-740b-11ef-a157-0242ac110002', 'fc96e760-7409-11ef-a157-0242ac110002', 'C8', '0'),
('41d2fe0a-7410-11ef-a157-0242ac110002', '55499b7a-740b-11ef-a157-0242ac110002', 'fc96e760-7409-11ef-a157-0242ac110002', 'D1', '0'),
('41d2ff58-7410-11ef-a157-0242ac110002', '55499b7a-740b-11ef-a157-0242ac110002', 'fc96e760-7409-11ef-a157-0242ac110002', 'D2', '0'),
('41d3009d-7410-11ef-a157-0242ac110002', '55499b7a-740b-11ef-a157-0242ac110002', 'fc96e760-7409-11ef-a157-0242ac110002', 'D3', '0'),
('41d30201-7410-11ef-a157-0242ac110002', '55499b7a-740b-11ef-a157-0242ac110002', 'fc96e760-7409-11ef-a157-0242ac110002', 'D4', '0'),
('41d30353-7410-11ef-a157-0242ac110002', '55499b7a-740b-11ef-a157-0242ac110002', 'fc96e760-7409-11ef-a157-0242ac110002', 'D5', '0'),
('41d3049d-7410-11ef-a157-0242ac110002', '55499b7a-740b-11ef-a157-0242ac110002', 'fc96e760-7409-11ef-a157-0242ac110002', 'D6', '0'),
('f6155188-740d-11ef-a157-0242ac110002', '55497148-740b-11ef-a157-0242ac110002', 'fc96c25f-7409-11ef-a157-0242ac110002', 'A1', '0'),
('f615658d-740d-11ef-a157-0242ac110002', '55497148-740b-11ef-a157-0242ac110002', 'fc96c25f-7409-11ef-a157-0242ac110002', 'A2', '0'),
('f6156bc8-740d-11ef-a157-0242ac110002', '55497148-740b-11ef-a157-0242ac110002', 'fc96c25f-7409-11ef-a157-0242ac110002', 'A3', '0'),
('f615701e-740d-11ef-a157-0242ac110002', '55497148-740b-11ef-a157-0242ac110002', 'fc96c25f-7409-11ef-a157-0242ac110002', 'A4', '0'),
('f615747f-740d-11ef-a157-0242ac110002', '55497148-740b-11ef-a157-0242ac110002', 'fc96c25f-7409-11ef-a157-0242ac110002', 'A5', '0'),
('f61578d7-740d-11ef-a157-0242ac110002', '55497148-740b-11ef-a157-0242ac110002', 'fc96c25f-7409-11ef-a157-0242ac110002', 'A6', '0'),
('f6157c6b-740d-11ef-a157-0242ac110002', '55497148-740b-11ef-a157-0242ac110002', 'fc96c25f-7409-11ef-a157-0242ac110002', 'A7', '0'),
('f61581c4-740d-11ef-a157-0242ac110002', '55497148-740b-11ef-a157-0242ac110002', 'fc96c25f-7409-11ef-a157-0242ac110002', 'A8', '0'),
('f615856d-740d-11ef-a157-0242ac110002', '55499950-740b-11ef-a157-0242ac110002', 'fc96c25f-7409-11ef-a157-0242ac110002', 'B1', '0'),
('f6158b2a-740d-11ef-a157-0242ac110002', '55499950-740b-11ef-a157-0242ac110002', 'fc96c25f-7409-11ef-a157-0242ac110002', 'B2', '0'),
('f6158efe-740d-11ef-a157-0242ac110002', '55499950-740b-11ef-a157-0242ac110002', 'fc96c25f-7409-11ef-a157-0242ac110002', 'B3', '0'),
('f61592b7-740d-11ef-a157-0242ac110002', '55499950-740b-11ef-a157-0242ac110002', 'fc96c25f-7409-11ef-a157-0242ac110002', 'B4', '0'),
('f615967f-740d-11ef-a157-0242ac110002', '55499950-740b-11ef-a157-0242ac110002', 'fc96c25f-7409-11ef-a157-0242ac110002', 'B5', '0'),
('f6159b1f-740d-11ef-a157-0242ac110002', '55499950-740b-11ef-a157-0242ac110002', 'fc96c25f-7409-11ef-a157-0242ac110002', 'B6', '0'),
('f615afa0-740d-11ef-a157-0242ac110002', '55499950-740b-11ef-a157-0242ac110002', 'fc96c25f-7409-11ef-a157-0242ac110002', 'B7', '0'),
('f615bac3-740d-11ef-a157-0242ac110002', '55499950-740b-11ef-a157-0242ac110002', 'fc96c25f-7409-11ef-a157-0242ac110002', 'B8', '0'),
('f615c4cc-740d-11ef-a157-0242ac110002', '55499950-740b-11ef-a157-0242ac110002', 'fc96c25f-7409-11ef-a157-0242ac110002', 'C1', '0'),
('f615c82e-740d-11ef-a157-0242ac110002', '55499950-740b-11ef-a157-0242ac110002', 'fc96c25f-7409-11ef-a157-0242ac110002', 'C2', '0'),
('f615cac1-740d-11ef-a157-0242ac110002', '55499950-740b-11ef-a157-0242ac110002', 'fc96c25f-7409-11ef-a157-0242ac110002', 'C3', '0'),
('f615cd3e-740d-11ef-a157-0242ac110002', '55499950-740b-11ef-a157-0242ac110002', 'fc96c25f-7409-11ef-a157-0242ac110002', 'C4', '0'),
('f615cf8d-740d-11ef-a157-0242ac110002', '55499950-740b-11ef-a157-0242ac110002', 'fc96c25f-7409-11ef-a157-0242ac110002', 'C5', '0'),
('f615d20a-740d-11ef-a157-0242ac110002', '55499950-740b-11ef-a157-0242ac110002', 'fc96c25f-7409-11ef-a157-0242ac110002', 'C6', '0'),
('f615d48a-740d-11ef-a157-0242ac110002', '55499950-740b-11ef-a157-0242ac110002', 'fc96c25f-7409-11ef-a157-0242ac110002', 'C7', '0'),
('f615d6d0-740d-11ef-a157-0242ac110002', '55499950-740b-11ef-a157-0242ac110002', 'fc96c25f-7409-11ef-a157-0242ac110002', 'C8', '0'),
('f615d974-740d-11ef-a157-0242ac110002', '55499b7a-740b-11ef-a157-0242ac110002', 'fc96c25f-7409-11ef-a157-0242ac110002', 'D1', '0'),
('f615dc7b-740d-11ef-a157-0242ac110002', '55499b7a-740b-11ef-a157-0242ac110002', 'fc96c25f-7409-11ef-a157-0242ac110002', 'D2', '0'),
('f615df01-740d-11ef-a157-0242ac110002', '55499b7a-740b-11ef-a157-0242ac110002', 'fc96c25f-7409-11ef-a157-0242ac110002', 'D3', '0'),
('f615e1d2-740d-11ef-a157-0242ac110002', '55499b7a-740b-11ef-a157-0242ac110002', 'fc96c25f-7409-11ef-a157-0242ac110002', 'D4', '0'),
('f615e49b-740d-11ef-a157-0242ac110002', '55499b7a-740b-11ef-a157-0242ac110002', 'fc96c25f-7409-11ef-a157-0242ac110002', 'D5', '0'),
('f615e7c8-740d-11ef-a157-0242ac110002', '55499b7a-740b-11ef-a157-0242ac110002', 'fc96c25f-7409-11ef-a157-0242ac110002', 'D6', '0');

INSERT INTO `fhd_cinema`.`snacks`
(`snack_id`, `snack_name`, `snack_price`)
VALUES
('68fdaa74-7411-11ef-a157-0242ac110002', 'Bắp rang bơ (nhỏ)', 30000),
('68fde09d-7411-11ef-a157-0242ac110002', 'Bắp rang bơ (lớn)', 50000),
('68fde312-7411-11ef-a157-0242ac110002', 'Nước ngọt (nhỏ)', 25000),
('68fde400-7411-11ef-a157-0242ac110002', 'Nước ngọt (lớn)', 40000),
('68fde4e6-7411-11ef-a157-0242ac110002', 'Bánh Nachos', 60000),
('68fde5b8-7411-11ef-a157-0242ac110002', 'Xúc xích Hot Dog', 70000),
('68fde68c-7411-11ef-a157-0242ac110002', 'Kẹo', 20000),
('68fde770-7411-11ef-a157-0242ac110002', 'Kem', 45000),
('68fdf0de-7411-11ef-a157-0242ac110002', 'Khoai tây chiên', 50000),
('68fdf253-7411-11ef-a157-0242ac110002', 'Gà viên chiên', 65000);

INSERT INTO `fhd_cinema`.`vouchers`
(`voucher_id`, `voucher_code`, `voucher_name`, `voucher_description`, `voucher_discount_percent`, `voucher_started_at`, `voucher_ended_at`)
VALUES
('c6a2e034-7411-11ef-a157-0242ac110002', 'SUMMER2024', 'Summer Discount', 'Giảm giá 20% cho tất cả các vé trong mùa hè', '20', '2024-06-01 00:00:00', '2024-08-31 00:00:00'),
('c6a3013f-7411-11ef-a157-0242ac110002', 'NEWYEAR2024', 'New Year Special', 'Giảm giá 25% khi mua vé xem phim vào dịp Tết Nguyên Đán', '25', '2024-01-20 00:00:00', '2024-02-10 00:00:00'),
('c6a302be-7411-11ef-a157-0242ac110002', 'STUDENT50', 'Student Discount', 'Giảm giá 50% cho sinh viên khi xuất trình thẻ sinh viên', '50', '2024-09-01 00:00:00', '2024-12-31 00:00:00'),
('c6a30360-7411-11ef-a157-0242ac110002', 'VIP10', 'VIP Member Discount', 'Giảm giá 10% cho thành viên VIP', '10', '2024-01-01 00:00:00', '2024-12-31 00:00:00'),
('c6a30404-7411-11ef-a157-0242ac110002', 'BIRTHDAY2024', 'Birthday Special', 'Giảm giá 30% cho khách hàng vào dịp sinh nhật', '30', '2024-03-01 00:00:00', '2024-03-31 00:00:00');

INSERT INTO `fhd_cinema`.`news`
(`news_id`, `news_title`, `news_description`, `news_created_at`)
VALUES
('96731e75-7413-11ef-a157-0242ac110002', 'Khuyến mãi hè 2024', 'Chương trình khuyến mãi giảm giá 20% cho mọi suất chiếu trong mùa hè năm 2024', '2024-06-01 00:00:00'),
('96734829-7413-11ef-a157-0242ac110002', 'Lịch chiếu phim Tết Nguyên Đán 2024', 'Cập nhật lịch chiếu phim mới nhất cho dịp Tết Nguyên Đán 2024 với nhiều phim bom tấn', '2024-01-15 00:00:00'),
('96734a91-7413-11ef-a157-0242ac110002', 'Phim mới tháng 9/2024', 'Danh sách những bộ phim hot ra mắt trong tháng 9/2024 tại tất cả các rạp', '2024-09-01 00:00:00'),
('96734bad-7413-11ef-a157-0242ac110002', 'Mua 1 vé tặng 1 vé', 'Chương trình mua 1 vé tặng 1 vé áp dụng từ ngày 1/7/2024 đến ngày 31/7/2024 cho tất cả suất chiếu', '2024-07-01 00:00:00'),
('96734cbb-7413-11ef-a157-0242ac110002', 'Tuần lễ phim châu Âu 2024', 'Rạp chiếu phim tổ chức tuần lễ phim châu Âu với nhiều bộ phim đặc sắc từ các quốc gia châu Âu', '2024-05-10 00:00:00');

